,P ms^-1,dP/P,A,P cms^-1
0,1.3884932784868337e-09,0.01586008751395371,205.7,1.3884932784868336e-07
1,2.113806310726137e-09,0.01068684210894974,199.66666666666666,2.113806310726137e-07
2,2.1676671978447062e-09,0.04405135283835549,175.63333333333333,2.1676671978447063e-07
3,2.1685846091921585e-09,0.011690429136139102,202.6,2.1685846091921585e-07
4,2.5757257103582994e-09,0.0018906972374090425,243.1,2.575725710358299e-07
5,9.793577650075682e-10,0.02134322944575484,230.46666666666667,9.793577650075682e-08
6,1.7880652199787828e-09,0.0033824037793635385,216.6,1.788065219978783e-07
7,1.310733968785415e-09,0.003960447477938335,114.9,1.310733968785415e-07
8,1.4837265786845908e-09,0.009448073335376382,239.53333333333333,1.4837265786845907e-07
